<?xml version="1.0" encoding="UTF-8"?>
<items>
	<item id="NodeList/MySQLUser">
		<column name="Nome do usuário" visible="true" order="0" width="182"/>
		<column name="Máscara do host" visible="true" order="1" width="101"/>
		<column name="Tipo SSL" visible="true" order="2" width="100"/>
		<column name="Cifra SSL" visible="true" order="3" width="100"/>
		<column name="Máx. de perguntas" visible="true" order="4" width="112"/>
		<column name="Máx. de atualizações" visible="true" order="5" width="123"/>
		<column name="Máx. de conexões" visible="true" order="6" width="109"/>
		<column name="Máx. de conexões de usuário" visible="true" order="7" width="167"/>
	</item>
</items>